Year,UNIT_MEASURE,SEX,AGE,Municipality,Value
2013,NUMBER,_T,Total,Banja Luka,185042
2013,NUMBER,M,Total,Banja Luka,89148
2013,NUMBER,F,Total,Banja Luka,95894
2013,NUMBER,_T,Total,Banovići,22773
2013,NUMBER,M,Total,Banovići,11392
2013,NUMBER,F,Total,Banovići,11381
2013,NUMBER,_T,Total,Berkovići,2114
2013,NUMBER,M,Total,Berkovići,1059
2013,NUMBER,F,Total,Berkovići,1055
2013,NUMBER,_T,Total,Bihać,56261
2013,NUMBER,M,Total,Bihać,27041
2013,NUMBER,F,Total,Bihać,29220
2013,NUMBER,_T,Total,Bijeljina,107715
2013,NUMBER,M,Total,Bijeljina,52827
2013,NUMBER,F,Total,Bijeljina,54888
2013,NUMBER,_T,Total,Bileća,10807
2013,NUMBER,M,Total,Bileća,5454
2013,NUMBER,F,Total,Bileća,5353
2013,NUMBER,_T,Total,Bosanska Krupa,25545
2013,NUMBER,M,Total,Bosanska Krupa,12548
2013,NUMBER,F,Total,Bosanska Krupa,12997
2013,NUMBER,_T,Total,Bosanski Petrovac,7328
2013,NUMBER,M,Total,Bosanski Petrovac,3678
2013,NUMBER,F,Total,Bosanski Petrovac,3650
2013,NUMBER,_T,Total,Bosansko Grahovo,2449
2013,NUMBER,M,Total,Bosansko Grahovo,1287
2013,NUMBER,F,Total,Bosansko Grahovo,1162
2013,NUMBER,_T,Total,Bratunac,20340
2013,NUMBER,M,Total,Bratunac,10091
2013,NUMBER,F,Total,Bratunac,10249
2013,NUMBER,_T,Total,Brčko,83516
2013,NUMBER,M,Total,Brčko,41250
2013,NUMBER,F,Total,Brčko,42266
2013,NUMBER,_T,Total,Breza,14168
2013,NUMBER,M,Total,Breza,6952
2013,NUMBER,F,Total,Breza,7216
2013,NUMBER,_T,Total,Brod,16619
2013,NUMBER,M,Total,Brod,8143
2013,NUMBER,F,Total,Brod,8476
2013,NUMBER,_T,Total,Bugojno,31470
2013,NUMBER,M,Total,Bugojno,15635
2013,NUMBER,F,Total,Bugojno,15835
2013,NUMBER,_T,Total,Busovača,17910
2013,NUMBER,M,Total,Busovača,9134
2013,NUMBER,F,Total,Busovača,8776
2013,NUMBER,_T,Total,Bužim,19340
2013,NUMBER,M,Total,Bužim,9885
2013,NUMBER,F,Total,Bužim,9455
2013,NUMBER,_T,Total,Cazin,66149
2013,NUMBER,M,Total,Cazin,33072
2013,NUMBER,F,Total,Cazin,33077
2013,NUMBER,_T,Total,Sarajevo - Centar,55181
2013,NUMBER,M,Total,Sarajevo - Centar,25369
2013,NUMBER,F,Total,Sarajevo - Centar,29812
2013,NUMBER,_T,Total,Čajniče,4895
2013,NUMBER,M,Total,Čajniče,2474
2013,NUMBER,F,Total,Čajniče,2421
2013,NUMBER,_T,Total,Čapljina,26157
2013,NUMBER,M,Total,Čapljina,12947
2013,NUMBER,F,Total,Čapljina,13210
2013,NUMBER,_T,Total,Čelić,10502
2013,NUMBER,M,Total,Čelić,5256
2013,NUMBER,F,Total,Čelić,5246
2013,NUMBER,_T,Total,Čelinac,15548
2013,NUMBER,M,Total,Čelinac,7728
2013,NUMBER,F,Total,Čelinac,7820
2013,NUMBER,_T,Total,Čitluk,18140
2013,NUMBER,M,Total,Čitluk,8937
2013,NUMBER,F,Total,Čitluk,9203
2013,NUMBER,_T,Total,Derventa,27404
2013,NUMBER,M,Total,Derventa,13397
2013,NUMBER,F,Total,Derventa,14007
2013,NUMBER,_T,Total,Doboj,71441
2013,NUMBER,M,Total,Doboj,34916
2013,NUMBER,F,Total,Doboj,36525
2013,NUMBER,_T,Total,Doboj-Istok,10248
2013,NUMBER,M,Total,Doboj-Istok,5061
2013,NUMBER,F,Total,Doboj-Istok,5187
2013,NUMBER,_T,Total,Doboj-Jug,4137
2013,NUMBER,M,Total,Doboj-Jug,2065
2013,NUMBER,F,Total,Doboj-Jug,2072
2013,NUMBER,_T,Total,Dobretići,1629
2013,NUMBER,M,Total,Dobretići,905
2013,NUMBER,F,Total,Dobretići,724
2013,NUMBER,_T,Total,Domaljevac-Šamac,4771
2013,NUMBER,M,Total,Domaljevac-Šamac,2373
2013,NUMBER,F,Total,Domaljevac-Šamac,2398
2013,NUMBER,_T,Total,Donji Vakuf,13985
2013,NUMBER,M,Total,Donji Vakuf,6922
2013,NUMBER,F,Total,Donji Vakuf,7063
2013,NUMBER,_T,Total,Donji Žabar,3809
2013,NUMBER,M,Total,Donji Žabar,1920
2013,NUMBER,F,Total,Donji Žabar,1889
2013,NUMBER,_T,Total,Drvar,7036
2013,NUMBER,M,Total,Drvar,3473
2013,NUMBER,F,Total,Drvar,3563
2013,NUMBER,_T,Total,Foča - FBIH,1933
2013,NUMBER,M,Total,Foča - FBIH,998
2013,NUMBER,F,Total,Foča - FBIH,935
2013,NUMBER,_T,Total,Foča - RS,18288
2013,NUMBER,M,Total,Foča - RS,9236
2013,NUMBER,F,Total,Foča - RS,9052
2013,NUMBER,_T,Total,Fojnica,12356
2013,NUMBER,M,Total,Fojnica,6197
2013,NUMBER,F,Total,Fojnica,6159
2013,NUMBER,_T,Total,Gacko,8990
2013,NUMBER,M,Total,Gacko,4556
2013,NUMBER,F,Total,Gacko,4434
2013,NUMBER,_T,Total,Glamoč,3860
2013,NUMBER,M,Total,Glamoč,1963
2013,NUMBER,F,Total,Glamoč,1897
2013,NUMBER,_T,Total,Goražde,20897
2013,NUMBER,M,Total,Goražde,10163
2013,NUMBER,F,Total,Goražde,10734
2013,NUMBER,_T,Total,Gornji Vakuf-Uskoplje,20933
2013,NUMBER,M,Total,Gornji Vakuf-Uskoplje,10532
2013,NUMBER,F,Total,Gornji Vakuf-Uskoplje,10401
2013,NUMBER,_T,Total,Gračanica,45220
2013,NUMBER,M,Total,Gračanica,21641
2013,NUMBER,F,Total,Gračanica,23579
2013,NUMBER,_T,Total,Gradačac,39340
2013,NUMBER,M,Total,Gradačac,19234
2013,NUMBER,F,Total,Gradačac,20106
2013,NUMBER,_T,Total,Gradiška,51727
2013,NUMBER,M,Total,Gradiška,25271
2013,NUMBER,F,Total,Gradiška,26456
2013,NUMBER,_T,Total,Grude,17308
2013,NUMBER,M,Total,Grude,8621
2013,NUMBER,F,Total,Grude,8687
2013,NUMBER,_T,Total,Sarajevo - Hadžići,23891
2013,NUMBER,M,Total,Sarajevo - Hadžići,11914
2013,NUMBER,F,Total,Sarajevo - Hadžići,11977
2013,NUMBER,_T,Total,Han Pijesak,3530
2013,NUMBER,M,Total,Han Pijesak,1667
2013,NUMBER,F,Total,Han Pijesak,1863
2013,NUMBER,_T,Total,Sarajevo - Ilidža,66730
2013,NUMBER,M,Total,Sarajevo - Ilidža,32359
2013,NUMBER,F,Total,Sarajevo - Ilidža,34371
2013,NUMBER,_T,Total,Sarajevo - Ilijaš,19603
2013,NUMBER,M,Total,Sarajevo - Ilijaš,9381
2013,NUMBER,F,Total,Sarajevo - Ilijaš,10222
2013,NUMBER,_T,Total,Istočna Ilidža,14763
2013,NUMBER,M,Total,Istočna Ilidža,7069
2013,NUMBER,F,Total,Istočna Ilidža,7694
2013,NUMBER,_T,Total,Istočni Drvar,79
2013,NUMBER,M,Total,Istočni Drvar,53
2013,NUMBER,F,Total,Istočni Drvar,26
2013,NUMBER,_T,Total,Istočni Mostar,257
2013,NUMBER,M,Total,Istočni Mostar,142
2013,NUMBER,F,Total,Istočni Mostar,115
2013,NUMBER,_T,Total,Istočni Stari Grad,1131
2013,NUMBER,M,Total,Istočni Stari Grad,560
2013,NUMBER,F,Total,Istočni Stari Grad,571
2013,NUMBER,_T,Total,Istočno Novo Sarajevo,10642
2013,NUMBER,M,Total,Istočno Novo Sarajevo,5058
2013,NUMBER,F,Total,Istočno Novo Sarajevo,5584
2013,NUMBER,_T,Total,Jablanica,10111
2013,NUMBER,M,Total,Jablanica,5027
2013,NUMBER,F,Total,Jablanica,5084
2013,NUMBER,_T,Total,Jajce,27258
2013,NUMBER,M,Total,Jajce,13856
2013,NUMBER,F,Total,Jajce,13402
2013,NUMBER,_T,Total,Jezero,1144
2013,NUMBER,M,Total,Jezero,601
2013,NUMBER,F,Total,Jezero,543
2013,NUMBER,_T,Total,Kakanj,37441
2013,NUMBER,M,Total,Kakanj,18651
2013,NUMBER,F,Total,Kakanj,18790
2013,NUMBER,_T,Total,Kalesija,33053
2013,NUMBER,M,Total,Kalesija,16597
2013,NUMBER,F,Total,Kalesija,16456
2013,NUMBER,_T,Total,Kalinovik,2029
2013,NUMBER,M,Total,Kalinovik,987
2013,NUMBER,F,Total,Kalinovik,1042
2013,NUMBER,_T,Total,Kiseljak,20722
2013,NUMBER,M,Total,Kiseljak,10285
2013,NUMBER,F,Total,Kiseljak,10437
2013,NUMBER,_T,Total,Kladanj,12348
2013,NUMBER,M,Total,Kladanj,6108
2013,NUMBER,F,Total,Kladanj,6240
2013,NUMBER,_T,Total,Ključ,16744
2013,NUMBER,M,Total,Ključ,8365
2013,NUMBER,F,Total,Ključ,8379
2013,NUMBER,_T,Total,Kneževo,9793
2013,NUMBER,M,Total,Kneževo,4892
2013,NUMBER,F,Total,Kneževo,4901
2013,NUMBER,_T,Total,Konjic,25148
2013,NUMBER,M,Total,Konjic,12360
2013,NUMBER,F,Total,Konjic,12788
2013,NUMBER,_T,Total,Kostajnica,5977
2013,NUMBER,M,Total,Kostajnica,2967
2013,NUMBER,F,Total,Kostajnica,3010
2013,NUMBER,_T,Total,Kotor Varoš,19710
2013,NUMBER,M,Total,Kotor Varoš,9818
2013,NUMBER,F,Total,Kotor Varoš,9892
2013,NUMBER,_T,Total,Kozarska Dubica,21524
2013,NUMBER,M,Total,Kozarska Dubica,10516
2013,NUMBER,F,Total,Kozarska Dubica,11008
2013,NUMBER,_T,Total,Kreševo,5273
2013,NUMBER,M,Total,Kreševo,2597
2013,NUMBER,F,Total,Kreševo,2676
2013,NUMBER,_T,Total,Krupa Na Uni,1597
2013,NUMBER,M,Total,Krupa Na Uni,862
2013,NUMBER,F,Total,Krupa Na Uni,735
2013,NUMBER,_T,Total,Kupres - FBIH,5057
2013,NUMBER,M,Total,Kupres - FBIH,2541
2013,NUMBER,F,Total,Kupres - FBIH,2516
2013,NUMBER,_T,Total,Kupres - RS,300
2013,NUMBER,M,Total,Kupres - RS,160
2013,NUMBER,F,Total,Kupres - RS,140
2013,NUMBER,_T,Total,Laktaši,34966
2013,NUMBER,M,Total,Laktaši,17320
2013,NUMBER,F,Total,Laktaši,17646
2013,NUMBER,_T,Total,Livno,34133
2013,NUMBER,M,Total,Livno,17024
2013,NUMBER,F,Total,Livno,17109
2013,NUMBER,_T,Total,Lopare,15357
2013,NUMBER,M,Total,Lopare,7749
2013,NUMBER,F,Total,Lopare,7608
2013,NUMBER,_T,Total,Lukavac,44520
2013,NUMBER,M,Total,Lukavac,21786
2013,NUMBER,F,Total,Lukavac,22734
2013,NUMBER,_T,Total,Ljubinje,3511
2013,NUMBER,M,Total,Ljubinje,1725
2013,NUMBER,F,Total,Ljubinje,1786
2013,NUMBER,_T,Total,Ljubuški,28184
2013,NUMBER,M,Total,Ljubuški,14022
2013,NUMBER,F,Total,Ljubuški,14162
2013,NUMBER,_T,Total,Maglaj,23146
2013,NUMBER,M,Total,Maglaj,11430
2013,NUMBER,F,Total,Maglaj,11716
2013,NUMBER,_T,Total,Milići,11441
2013,NUMBER,M,Total,Milići,5798
2013,NUMBER,F,Total,Milići,5643
2013,NUMBER,_T,Total,Modriča,25720
2013,NUMBER,M,Total,Modriča,12561
2013,NUMBER,F,Total,Modriča,13159
2013,NUMBER,_T,Total,Mostar,105797
2013,NUMBER,M,Total,Mostar,51210
2013,NUMBER,F,Total,Mostar,54587
2013,NUMBER,_T,Total,Mrkonjić Grad,16671
2013,NUMBER,M,Total,Mrkonjić Grad,8096
2013,NUMBER,F,Total,Mrkonjić Grad,8575
2013,NUMBER,_T,Total,Neum,4653
2013,NUMBER,M,Total,Neum,2344
2013,NUMBER,F,Total,Neum,2309
2013,NUMBER,_T,Total,Nevesinje,12961
2013,NUMBER,M,Total,Nevesinje,6462
2013,NUMBER,F,Total,Nevesinje,6499
2013,NUMBER,_T,Total,Novi Grad,27115
2013,NUMBER,M,Total,Novi Grad,13594
2013,NUMBER,F,Total,Novi Grad,13521
2013,NUMBER,_T,Total,Sarajevo - Novi Grad,118553
2013,NUMBER,M,Total,Sarajevo - Novi Grad,55735
2013,NUMBER,F,Total,Sarajevo - Novi Grad,62818
2013,NUMBER,_T,Total,Novi Travnik,23832
2013,NUMBER,M,Total,Novi Travnik,11862
2013,NUMBER,F,Total,Novi Travnik,11970
2013,NUMBER,_T,Total,Novo Goražde,3117
2013,NUMBER,M,Total,Novo Goražde,1618
2013,NUMBER,F,Total,Novo Goražde,1499
2013,NUMBER,_T,Total,Sarajevo - Novo Sarajevo,64814
2013,NUMBER,M,Total,Sarajevo - Novo Sarajevo,29580
2013,NUMBER,F,Total,Sarajevo - Novo Sarajevo,35234
2013,NUMBER,_T,Total,Odžak,18821
2013,NUMBER,M,Total,Odžak,9373
2013,NUMBER,F,Total,Odžak,9448
2013,NUMBER,_T,Total,Olovo,10175
2013,NUMBER,M,Total,Olovo,5084
2013,NUMBER,F,Total,Olovo,5091
2013,NUMBER,_T,Total,Orašje,19861
2013,NUMBER,M,Total,Orašje,10059
2013,NUMBER,F,Total,Orašje,9802
2013,NUMBER,_T,Total,Osmaci,6016
2013,NUMBER,M,Total,Osmaci,3065
2013,NUMBER,F,Total,Osmaci,2951
2013,NUMBER,_T,Total,Oštra Luka,2786
2013,NUMBER,M,Total,Oštra Luka,1440
2013,NUMBER,F,Total,Oštra Luka,1346
2013,NUMBER,_T,Total,Pale - FBIH,904
2013,NUMBER,M,Total,Pale - FBIH,456
2013,NUMBER,F,Total,Pale - FBIH,448
2013,NUMBER,_T,Total,Pale - RS,20909
2013,NUMBER,M,Total,Pale - RS,10038
2013,NUMBER,F,Total,Pale - RS,10871
2013,NUMBER,_T,Total,Pelagićevo,5220
2013,NUMBER,M,Total,Pelagićevo,2609
2013,NUMBER,F,Total,Pelagićevo,2611
2013,NUMBER,_T,Total,Petrovac,361
2013,NUMBER,M,Total,Petrovac,172
2013,NUMBER,F,Total,Petrovac,189
2013,NUMBER,_T,Total,Petrovo,6474
2013,NUMBER,M,Total,Petrovo,3124
2013,NUMBER,F,Total,Petrovo,3350
2013,NUMBER,_T,Total,Posušje,20477
2013,NUMBER,M,Total,Posušje,10287
2013,NUMBER,F,Total,Posušje,10190
2013,NUMBER,_T,Total,Prijedor,89397
2013,NUMBER,M,Total,Prijedor,43863
2013,NUMBER,F,Total,Prijedor,45534
2013,NUMBER,_T,Total,Prnjavor,35956
2013,NUMBER,M,Total,Prnjavor,17572
2013,NUMBER,F,Total,Prnjavor,18384
2013,NUMBER,_T,Total,Prozor,14280
2013,NUMBER,M,Total,Prozor,7210
2013,NUMBER,F,Total,Prozor,7070
2013,NUMBER,_T,Total,Ravno,3219
2013,NUMBER,M,Total,Ravno,1657
2013,NUMBER,F,Total,Ravno,1562
2013,NUMBER,_T,Total,Ribnik,6048
2013,NUMBER,M,Total,Ribnik,3009
2013,NUMBER,F,Total,Ribnik,3039
2013,NUMBER,_T,Total,Rogatica,10723
2013,NUMBER,M,Total,Rogatica,5270
2013,NUMBER,F,Total,Rogatica,5453
2013,NUMBER,_T,Total,Rudo,7963
2013,NUMBER,M,Total,Rudo,4050
2013,NUMBER,F,Total,Rudo,3913
2013,NUMBER,_T,Total,Sanski Most,41475
2013,NUMBER,M,Total,Sanski Most,20826
2013,NUMBER,F,Total,Sanski Most,20649
2013,NUMBER,_T,Total,Sapna,11178
2013,NUMBER,M,Total,Sapna,5739
2013,NUMBER,F,Total,Sapna,5439
2013,NUMBER,_T,Total,Sokolac,12021
2013,NUMBER,M,Total,Sokolac,5919
2013,NUMBER,F,Total,Sokolac,6102
2013,NUMBER,_T,Total,Srbac,17587
2013,NUMBER,M,Total,Srbac,8623
2013,NUMBER,F,Total,Srbac,8964
2013,NUMBER,_T,Total,Srebrenica,13409
2013,NUMBER,M,Total,Srebrenica,6602
2013,NUMBER,F,Total,Srebrenica,6807
2013,NUMBER,_T,Total,Srebrenik,39678
2013,NUMBER,M,Total,Srebrenik,19348
2013,NUMBER,F,Total,Srebrenik,20330
2013,NUMBER,_T,Total,Sarajevo - Stari Grad,36976
2013,NUMBER,M,Total,Sarajevo - Stari Grad,17482
2013,NUMBER,F,Total,Sarajevo - Stari Grad,19494
2013,NUMBER,_T,Total,Stolac,14502
2013,NUMBER,M,Total,Stolac,7326
2013,NUMBER,F,Total,Stolac,7176
2013,NUMBER,_T,Total,Šamac,17273
2013,NUMBER,M,Total,Šamac,8385
2013,NUMBER,F,Total,Šamac,8888
2013,NUMBER,_T,Total,Šekovići,6761
2013,NUMBER,M,Total,Šekovići,3360
2013,NUMBER,F,Total,Šekovići,3401
2013,NUMBER,_T,Total,Šipovo,10293
2013,NUMBER,M,Total,Šipovo,5221
2013,NUMBER,F,Total,Šipovo,5072
2013,NUMBER,_T,Total,Široki Brijeg,28929
2013,NUMBER,M,Total,Široki Brijeg,14381
2013,NUMBER,F,Total,Široki Brijeg,14548
2013,NUMBER,_T,Total,Teočak,7424
2013,NUMBER,M,Total,Teočak,3767
2013,NUMBER,F,Total,Teočak,3657
2013,NUMBER,_T,Total,Teslić,38536
2013,NUMBER,M,Total,Teslić,18679
2013,NUMBER,F,Total,Teslić,19857
2013,NUMBER,_T,Total,Tešanj,43063
2013,NUMBER,M,Total,Tešanj,21376
2013,NUMBER,F,Total,Tešanj,21687
2013,NUMBER,_T,Total,Tomislavgrad,31592
2013,NUMBER,M,Total,Tomislavgrad,16055
2013,NUMBER,F,Total,Tomislavgrad,15537
2013,NUMBER,_T,Total,Travnik,53482
2013,NUMBER,M,Total,Travnik,26574
2013,NUMBER,F,Total,Travnik,26908
2013,NUMBER,_T,Total,Trebinje,29198
2013,NUMBER,M,Total,Trebinje,14251
2013,NUMBER,F,Total,Trebinje,14947
2013,NUMBER,_T,Total,Trnovo - FBIH,1502
2013,NUMBER,M,Total,Trnovo - FBIH,735
2013,NUMBER,F,Total,Trnovo - FBIH,767
2013,NUMBER,_T,Total,Trnovo - RS,2050
2013,NUMBER,M,Total,Trnovo - RS,989
2013,NUMBER,F,Total,Trnovo - RS,1061
2013,NUMBER,_T,Total,Tuzla,110979
2013,NUMBER,M,Total,Tuzla,52745
2013,NUMBER,F,Total,Tuzla,58234
2013,NUMBER,_T,Total,Ugljevik,15710
2013,NUMBER,M,Total,Ugljevik,7937
2013,NUMBER,F,Total,Ugljevik,7773
2013,NUMBER,_T,Total,Usora,6603
2013,NUMBER,M,Total,Usora,3266
2013,NUMBER,F,Total,Usora,3337
2013,NUMBER,_T,Total,Vareš,8892
2013,NUMBER,M,Total,Vareš,4373
2013,NUMBER,F,Total,Vareš,4519
2013,NUMBER,_T,Total,Velika Kladuša,40419
2013,NUMBER,M,Total,Velika Kladuša,19889
2013,NUMBER,F,Total,Velika Kladuša,20530
2013,NUMBER,_T,Total,Visoko,39938
2013,NUMBER,M,Total,Visoko,19705
2013,NUMBER,F,Total,Visoko,20233
2013,NUMBER,_T,Total,Višegrad,10668
2013,NUMBER,M,Total,Višegrad,5106
2013,NUMBER,F,Total,Višegrad,5562
2013,NUMBER,_T,Total,Vitez,25836
2013,NUMBER,M,Total,Vitez,12767
2013,NUMBER,F,Total,Vitez,13069
2013,NUMBER,_T,Total,Vlasenica,11467
2013,NUMBER,M,Total,Vlasenica,5638
2013,NUMBER,F,Total,Vlasenica,5829
2013,NUMBER,_T,Total,Sarajevo - Vogošća,26343
2013,NUMBER,M,Total,Sarajevo - Vogošća,12606
2013,NUMBER,F,Total,Sarajevo - Vogošća,13737
2013,NUMBER,_T,Total,Vukosavlje,4667
2013,NUMBER,M,Total,Vukosavlje,2340
2013,NUMBER,F,Total,Vukosavlje,2327
2013,NUMBER,_T,Total,Zavidovići,35988
2013,NUMBER,M,Total,Zavidovići,17883
2013,NUMBER,F,Total,Zavidovići,18105
2013,NUMBER,_T,Total,Zenica,110663
2013,NUMBER,M,Total,Zenica,54660
2013,NUMBER,F,Total,Zenica,56003
2013,NUMBER,_T,Total,Zvornik,58856
2013,NUMBER,M,Total,Zvornik,29270
2013,NUMBER,F,Total,Zvornik,29586
2013,NUMBER,_T,Total,Žepče,30219
2013,NUMBER,M,Total,Žepče,15335
2013,NUMBER,F,Total,Žepče,14884
2013,NUMBER,_T,Total,Živinice,57765
2013,NUMBER,M,Total,Živinice,28714
2013,NUMBER,F,Total,Živinice,29051
2013,NUMBER,_T,0-4,Banja Luka,9610
2013,NUMBER,M,0-4,Banja Luka,4898
2013,NUMBER,F,0-4,Banja Luka,4712
2013,NUMBER,_T,0-4,Banovići,1206
2013,NUMBER,M,0-4,Banovići,614
2013,NUMBER,F,0-4,Banovići,592
2013,NUMBER,_T,0-4,Berkovići,93
2013,NUMBER,M,0-4,Berkovići,45
2013,NUMBER,F,0-4,Berkovići,48
2013,NUMBER,_T,0-4,Bihać,2652
2013,NUMBER,M,0-4,Bihać,1361
2013,NUMBER,F,0-4,Bihać,1291
2013,NUMBER,_T,0-4,Bijeljina,5080
2013,NUMBER,M,0-4,Bijeljina,2637
2013,NUMBER,F,0-4,Bijeljina,2443
2013,NUMBER,_T,0-4,Bileća,487
2013,NUMBER,M,0-4,Bileća,255
2013,NUMBER,F,0-4,Bileća,232
2013,NUMBER,_T,0-4,Bosanska Krupa,1423
2013,NUMBER,M,0-4,Bosanska Krupa,735
2013,NUMBER,F,0-4,Bosanska Krupa,688
2013,NUMBER,_T,0-4,Bosanski Petrovac,249
2013,NUMBER,M,0-4,Bosanski Petrovac,126
2013,NUMBER,F,0-4,Bosanski Petrovac,123
2013,NUMBER,_T,0-4,Bosansko Grahovo,69
2013,NUMBER,M,0-4,Bosansko Grahovo,39
2013,NUMBER,F,0-4,Bosansko Grahovo,30
2013,NUMBER,_T,0-4,Bratunac,948
2013,NUMBER,M,0-4,Bratunac,509
2013,NUMBER,F,0-4,Bratunac,439
2013,NUMBER,_T,0-4,Brčko,4165
2013,NUMBER,M,0-4,Brčko,2178
2013,NUMBER,F,0-4,Brčko,1987
2013,NUMBER,_T,0-4,Breza,698
2013,NUMBER,M,0-4,Breza,348
2013,NUMBER,F,0-4,Breza,350
2013,NUMBER,_T,0-4,Brod,771
2013,NUMBER,M,0-4,Brod,402
2013,NUMBER,F,0-4,Brod,369
2013,NUMBER,_T,0-4,Bugojno,1484
2013,NUMBER,M,0-4,Bugojno,786
2013,NUMBER,F,0-4,Bugojno,698
2013,NUMBER,_T,0-4,Busovača,961
2013,NUMBER,M,0-4,Busovača,494
2013,NUMBER,F,0-4,Busovača,467
2013,NUMBER,_T,0-4,Bužim,1405
2013,NUMBER,M,0-4,Bužim,732
2013,NUMBER,F,0-4,Bužim,673
2013,NUMBER,_T,0-4,Cazin,3940
2013,NUMBER,M,0-4,Cazin,2050
2013,NUMBER,F,0-4,Cazin,1890
2013,NUMBER,_T,0-4,Sarajevo - Centar,2588
2013,NUMBER,M,0-4,Sarajevo - Centar,1308
2013,NUMBER,F,0-4,Sarajevo - Centar,1280
2013,NUMBER,_T,0-4,Čajniče,185
2013,NUMBER,M,0-4,Čajniče,85
2013,NUMBER,F,0-4,Čajniče,100
2013,NUMBER,_T,0-4,Čapljina,1233
2013,NUMBER,M,0-4,Čapljina,628
2013,NUMBER,F,0-4,Čapljina,605
2013,NUMBER,_T,0-4,Čelić,475
2013,NUMBER,M,0-4,Čelić,229
2013,NUMBER,F,0-4,Čelić,246
2013,NUMBER,_T,0-4,Čelinac,769
2013,NUMBER,M,0-4,Čelinac,399
2013,NUMBER,F,0-4,Čelinac,370
2013,NUMBER,_T,0-4,Čitluk,1002
2013,NUMBER,M,0-4,Čitluk,480
2013,NUMBER,F,0-4,Čitluk,522
2013,NUMBER,_T,0-4,Derventa,1170
2013,NUMBER,M,0-4,Derventa,580
2013,NUMBER,F,0-4,Derventa,590
2013,NUMBER,_T,0-4,Doboj,3330
2013,NUMBER,M,0-4,Doboj,1695
2013,NUMBER,F,0-4,Doboj,1635
2013,NUMBER,_T,0-4,Doboj-Istok,541
2013,NUMBER,M,0-4,Doboj-Istok,292
2013,NUMBER,F,0-4,Doboj-Istok,249
2013,NUMBER,_T,0-4,Doboj-Jug,235
2013,NUMBER,M,0-4,Doboj-Jug,120
2013,NUMBER,F,0-4,Doboj-Jug,115
2013,NUMBER,_T,0-4,Dobretići,30
2013,NUMBER,M,0-4,Dobretići,18
2013,NUMBER,F,0-4,Dobretići,12
2013,NUMBER,_T,0-4,Domaljevac-Šamac,163
2013,NUMBER,M,0-4,Domaljevac-Šamac,89
2013,NUMBER,F,0-4,Domaljevac-Šamac,74
2013,NUMBER,_T,0-4,Donji Vakuf,680
2013,NUMBER,M,0-4,Donji Vakuf,338
2013,NUMBER,F,0-4,Donji Vakuf,342
2013,NUMBER,_T,0-4,Donji Žabar,145
2013,NUMBER,M,0-4,Donji Žabar,70
2013,NUMBER,F,0-4,Donji Žabar,75
2013,NUMBER,_T,0-4,Drvar,210
2013,NUMBER,M,0-4,Drvar,106
2013,NUMBER,F,0-4,Drvar,104
2013,NUMBER,_T,0-4,Foča - FBIH,85
2013,NUMBER,M,0-4,Foča - FBIH,50
2013,NUMBER,F,0-4,Foča - FBIH,35
2013,NUMBER,_T,0-4,Foča - RS,644
2013,NUMBER,M,0-4,Foča - RS,367
2013,NUMBER,F,0-4,Foča - RS,277
2013,NUMBER,_T,0-4,Fojnica,557
2013,NUMBER,M,0-4,Fojnica,294
2013,NUMBER,F,0-4,Fojnica,263
2013,NUMBER,_T,0-4,Gacko,419
2013,NUMBER,M,0-4,Gacko,206
2013,NUMBER,F,0-4,Gacko,213
2013,NUMBER,_T,0-4,Glamoč,145
2013,NUMBER,M,0-4,Glamoč,77
2013,NUMBER,F,0-4,Glamoč,68
2013,NUMBER,_T,0-4,Goražde,978
2013,NUMBER,M,0-4,Goražde,513
2013,NUMBER,F,0-4,Goražde,465
2013,NUMBER,_T,0-4,Gornji Vakuf-Uskoplje,1072
2013,NUMBER,M,0-4,Gornji Vakuf-Uskoplje,559
2013,NUMBER,F,0-4,Gornji Vakuf-Uskoplje,513
2013,NUMBER,_T,0-4,Gračanica,2600
2013,NUMBER,M,0-4,Gračanica,1276
2013,NUMBER,F,0-4,Gračanica,1324
2013,NUMBER,_T,0-4,Gradačac,2100
2013,NUMBER,M,0-4,Gradačac,1060
2013,NUMBER,F,0-4,Gradačac,1040
2013,NUMBER,_T,0-4,Gradiška,2092
2013,NUMBER,M,0-4,Gradiška,1044
2013,NUMBER,F,0-4,Gradiška,1048
2013,NUMBER,_T,0-4,Grude,805
2013,NUMBER,M,0-4,Grude,409
2013,NUMBER,F,0-4,Grude,396
2013,NUMBER,_T,0-4,Sarajevo - Hadžići,1380
2013,NUMBER,M,0-4,Sarajevo - Hadžići,682
2013,NUMBER,F,0-4,Sarajevo - Hadžići,698
2013,NUMBER,_T,0-4,Han Pijesak,134
2013,NUMBER,M,0-4,Han Pijesak,72
2013,NUMBER,F,0-4,Han Pijesak,62
2013,NUMBER,_T,0-4,Sarajevo - Ilidža,3915
2013,NUMBER,M,0-4,Sarajevo - Ilidža,2013
2013,NUMBER,F,0-4,Sarajevo - Ilidža,1902
2013,NUMBER,_T,0-4,Sarajevo - Ilijaš,1085
2013,NUMBER,M,0-4,Sarajevo - Ilijaš,556
2013,NUMBER,F,0-4,Sarajevo - Ilijaš,529
2013,NUMBER,_T,0-4,Istočna Ilidža,649
2013,NUMBER,M,0-4,Istočna Ilidža,342
2013,NUMBER,F,0-4,Istočna Ilidža,307
2013,NUMBER,_T,0-4,Istočni Mostar,7
2013,NUMBER,M,0-4,Istočni Mostar,4
2013,NUMBER,F,0-4,Istočni Mostar,3
2013,NUMBER,_T,0-4,Istočni Stari Grad,40
2013,NUMBER,M,0-4,Istočni Stari Grad,23
2013,NUMBER,F,0-4,Istočni Stari Grad,17
2013,NUMBER,_T,0-4,Istočno Novo Sarajevo,625
2013,NUMBER,M,0-4,Istočno Novo Sarajevo,300
2013,NUMBER,F,0-4,Istočno Novo Sarajevo,325
2013,NUMBER,_T,0-4,Jablanica,440
2013,NUMBER,M,0-4,Jablanica,231
2013,NUMBER,F,0-4,Jablanica,209
2013,NUMBER,_T,0-4,Jajce,1311
2013,NUMBER,M,0-4,Jajce,672
2013,NUMBER,F,0-4,Jajce,639
2013,NUMBER,_T,0-4,Jezero,44
2013,NUMBER,M,0-4,Jezero,22
2013,NUMBER,F,0-4,Jezero,22
2013,NUMBER,_T,0-4,Kakanj,2102
2013,NUMBER,M,0-4,Kakanj,1130
2013,NUMBER,F,0-4,Kakanj,972
2013,NUMBER,_T,0-4,Kalesija,1841
2013,NUMBER,M,0-4,Kalesija,936
2013,NUMBER,F,0-4,Kalesija,905
2013,NUMBER,_T,0-4,Kalinovik,52
2013,NUMBER,M,0-4,Kalinovik,25
2013,NUMBER,F,0-4,Kalinovik,27
2013,NUMBER,_T,0-4,Kiseljak,1082
2013,NUMBER,M,0-4,Kiseljak,531
2013,NUMBER,F,0-4,Kiseljak,551
2013,NUMBER,_T,0-4,Kladanj,606
2013,NUMBER,M,0-4,Kladanj,336
2013,NUMBER,F,0-4,Kladanj,270
2013,NUMBER,_T,0-4,Ključ,699
2013,NUMBER,M,0-4,Ključ,342
2013,NUMBER,F,0-4,Ključ,357
2013,NUMBER,_T,0-4,Kneževo,406
2013,NUMBER,M,0-4,Kneževo,213
2013,NUMBER,F,0-4,Kneževo,193
2013,NUMBER,_T,0-4,Konjic,1046
2013,NUMBER,M,0-4,Konjic,516
2013,NUMBER,F,0-4,Konjic,530
2013,NUMBER,_T,0-4,Kostajnica,222
2013,NUMBER,M,0-4,Kostajnica,103
2013,NUMBER,F,0-4,Kostajnica,119
2013,NUMBER,_T,0-4,Kotor Varoš,922
2013,NUMBER,M,0-4,Kotor Varoš,478
2013,NUMBER,F,0-4,Kotor Varoš,444
2013,NUMBER,_T,0-4,Kozarska Dubica,800
2013,NUMBER,M,0-4,Kozarska Dubica,408
2013,NUMBER,F,0-4,Kozarska Dubica,392
2013,NUMBER,_T,0-4,Kreševo,240
2013,NUMBER,M,0-4,Kreševo,127
2013,NUMBER,F,0-4,Kreševo,113
2013,NUMBER,_T,0-4,Krupa Na Uni,49
2013,NUMBER,M,0-4,Krupa Na Uni,27
2013,NUMBER,F,0-4,Krupa Na Uni,22
2013,NUMBER,_T,0-4,Kupres - FBIH,164
2013,NUMBER,M,0-4,Kupres - FBIH,86
2013,NUMBER,F,0-4,Kupres - FBIH,78
2013,NUMBER,_T,0-4,Kupres - RS,6
2013,NUMBER,M,0-4,Kupres - RS,6
2013,NUMBER,_T,0-4,Laktaši,1687
2013,NUMBER,M,0-4,Laktaši,855
2013,NUMBER,F,0-4,Laktaši,832
2013,NUMBER,_T,0-4,Livno,1334
2013,NUMBER,M,0-4,Livno,686
2013,NUMBER,F,0-4,Livno,648
2013,NUMBER,_T,0-4,Lopare,517
2013,NUMBER,M,0-4,Lopare,255
2013,NUMBER,F,0-4,Lopare,262
2013,NUMBER,_T,0-4,Lukavac,1968
2013,NUMBER,M,0-4,Lukavac,1019
2013,NUMBER,F,0-4,Lukavac,949
2013,NUMBER,_T,0-4,Ljubinje,155
2013,NUMBER,M,0-4,Ljubinje,73
2013,NUMBER,F,0-4,Ljubinje,82
2013,NUMBER,_T,0-4,Ljubuški,1352
2013,NUMBER,M,0-4,Ljubuški,683
2013,NUMBER,F,0-4,Ljubuški,669
2013,NUMBER,_T,0-4,Maglaj,1215
2013,NUMBER,M,0-4,Maglaj,633
2013,NUMBER,F,0-4,Maglaj,582
2013,NUMBER,_T,0-4,Milići,489
2013,NUMBER,M,0-4,Milići,247
2013,NUMBER,F,0-4,Milići,242
2013,NUMBER,_T,0-4,Modriča,1001
2013,NUMBER,M,0-4,Modriča,514
2013,NUMBER,F,0-4,Modriča,487
2013,NUMBER,_T,0-4,Mostar,5335
2013,NUMBER,M,0-4,Mostar,2750
2013,NUMBER,F,0-4,Mostar,2585
2013,NUMBER,_T,0-4,Mrkonjić Grad,681
2013,NUMBER,M,0-4,Mrkonjić Grad,337
2013,NUMBER,F,0-4,Mrkonjić Grad,344
2013,NUMBER,_T,0-4,Neum,206
2013,NUMBER,M,0-4,Neum,105
2013,NUMBER,F,0-4,Neum,101
2013,NUMBER,_T,0-4,Nevesinje,561
2013,NUMBER,M,0-4,Nevesinje,301
2013,NUMBER,F,0-4,Nevesinje,260
2013,NUMBER,_T,0-4,Novi Grad,981
2013,NUMBER,M,0-4,Novi Grad,496
2013,NUMBER,F,0-4,Novi Grad,485
2013,NUMBER,_T,0-4,Sarajevo - Novi Grad,6754
2013,NUMBER,M,0-4,Sarajevo - Novi Grad,3488
2013,NUMBER,F,0-4,Sarajevo - Novi Grad,3266
2013,NUMBER,_T,0-4,Novi Travnik,1318
2013,NUMBER,M,0-4,Novi Travnik,685
2013,NUMBER,F,0-4,Novi Travnik,633
2013,NUMBER,_T,0-4,Novo Goražde,103
2013,NUMBER,M,0-4,Novo Goražde,50
2013,NUMBER,F,0-4,Novo Goražde,53
2013,NUMBER,_T,0-4,Sarajevo - Novo Sarajevo,3295
2013,NUMBER,M,0-4,Sarajevo - Novo Sarajevo,1645
2013,NUMBER,F,0-4,Sarajevo - Novo Sarajevo,1650
2013,NUMBER,_T,0-4,Odžak,693
2013,NUMBER,M,0-4,Odžak,344
2013,NUMBER,F,0-4,Odžak,349
2013,NUMBER,_T,0-4,Olovo,417
2013,NUMBER,M,0-4,Olovo,224
2013,NUMBER,F,0-4,Olovo,193
2013,NUMBER,_T,0-4,Orašje,726
2013,NUMBER,M,0-4,Orašje,369
2013,NUMBER,F,0-4,Orašje,357
2013,NUMBER,_T,0-4,Osmaci,275
2013,NUMBER,M,0-4,Osmaci,148
2013,NUMBER,F,0-4,Osmaci,127
2013,NUMBER,_T,0-4,Oštra Luka,107
2013,NUMBER,M,0-4,Oštra Luka,55
2013,NUMBER,F,0-4,Oštra Luka,52
2013,NUMBER,_T,0-4,Pale - FBIH,35
2013,NUMBER,M,0-4,Pale - FBIH,18
2013,NUMBER,F,0-4,Pale - FBIH,17
2013,NUMBER,_T,0-4,Pale - RS,904
2013,NUMBER,M,0-4,Pale - RS,462
2013,NUMBER,F,0-4,Pale - RS,442
2013,NUMBER,_T,0-4,Pelagićevo,133
2013,NUMBER,M,0-4,Pelagićevo,65
2013,NUMBER,F,0-4,Pelagićevo,68
2013,NUMBER,_T,0-4,Petrovac,13
2013,NUMBER,M,0-4,Petrovac,8
2013,NUMBER,F,0-4,Petrovac,5
2013,NUMBER,_T,0-4,Petrovo,264
2013,NUMBER,M,0-4,Petrovo,146
2013,NUMBER,F,0-4,Petrovo,118
2013,NUMBER,_T,0-4,Posušje,1237
2013,NUMBER,M,0-4,Posušje,642
2013,NUMBER,F,0-4,Posušje,595
2013,NUMBER,_T,0-4,Prijedor,3468
2013,NUMBER,M,0-4,Prijedor,1805
2013,NUMBER,F,0-4,Prijedor,1663
2013,NUMBER,_T,0-4,Prnjavor,1600
2013,NUMBER,M,0-4,Prnjavor,812
2013,NUMBER,F,0-4,Prnjavor,788
2013,NUMBER,_T,0-4,Prozor,687
2013,NUMBER,M,0-4,Prozor,341
2013,NUMBER,F,0-4,Prozor,346
2013,NUMBER,_T,0-4,Ravno,118
2013,NUMBER,M,0-4,Ravno,60
2013,NUMBER,F,0-4,Ravno,58
2013,NUMBER,_T,0-4,Ribnik,245
2013,NUMBER,M,0-4,Ribnik,121
2013,NUMBER,F,0-4,Ribnik,124
2013,NUMBER,_T,0-4,Rogatica,514
2013,NUMBER,M,0-4,Rogatica,252
2013,NUMBER,F,0-4,Rogatica,262
2013,NUMBER,_T,0-4,Rudo,289
2013,NUMBER,M,0-4,Rudo,153
2013,NUMBER,F,0-4,Rudo,136
2013,NUMBER,_T,0-4,Sanski Most,1681
2013,NUMBER,M,0-4,Sanski Most,850
2013,NUMBER,F,0-4,Sanski Most,831
2013,NUMBER,_T,0-4,Sapna,651
2013,NUMBER,M,0-4,Sapna,321
2013,NUMBER,F,0-4,Sapna,330
2013,NUMBER,_T,0-4,Sokolac,508
2013,NUMBER,M,0-4,Sokolac,264
2013,NUMBER,F,0-4,Sokolac,244
2013,NUMBER,_T,0-4,Srbac,836
2013,NUMBER,M,0-4,Srbac,412
2013,NUMBER,F,0-4,Srbac,424
2013,NUMBER,_T,0-4,Srebrenica,526
2013,NUMBER,M,0-4,Srebrenica,265
2013,NUMBER,F,0-4,Srebrenica,261
2013,NUMBER,_T,0-4,Srebrenik,2214
2013,NUMBER,M,0-4,Srebrenik,1129
2013,NUMBER,F,0-4,Srebrenik,1085
2013,NUMBER,_T,0-4,Sarajevo - Stari Grad,1623
2013,NUMBER,M,0-4,Sarajevo - Stari Grad,835
2013,NUMBER,F,0-4,Sarajevo - Stari Grad,788
2013,NUMBER,_T,0-4,Stolac,650
2013,NUMBER,M,0-4,Stolac,337
2013,NUMBER,F,0-4,Stolac,313
2013,NUMBER,_T,0-4,Šamac,584
2013,NUMBER,M,0-4,Šamac,289
2013,NUMBER,F,0-4,Šamac,295
2013,NUMBER,_T,0-4,Šekovići,249
2013,NUMBER,M,0-4,Šekovići,130
2013,NUMBER,F,0-4,Šekovići,119
2013,NUMBER,_T,0-4,Šipovo,431
2013,NUMBER,M,0-4,Šipovo,234
2013,NUMBER,F,0-4,Šipovo,197
2013,NUMBER,_T,0-4,Široki Brijeg,1623
2013,NUMBER,M,0-4,Široki Brijeg,861
2013,NUMBER,F,0-4,Široki Brijeg,762
2013,NUMBER,_T,0-4,Teočak,351
2013,NUMBER,M,0-4,Teočak,192
2013,NUMBER,F,0-4,Teočak,159
2013,NUMBER,_T,0-4,Teslić,1969
2013,NUMBER,M,0-4,Teslić,1048
2013,NUMBER,F,0-4,Teslić,921
2013,NUMBER,_T,0-4,Tešanj,2689
2013,NUMBER,M,0-4,Tešanj,1388
2013,NUMBER,F,0-4,Tešanj,1301
2013,NUMBER,_T,0-4,Tomislavgrad,1490
2013,NUMBER,M,0-4,Tomislavgrad,755
2013,NUMBER,F,0-4,Tomislavgrad,735
2013,NUMBER,_T,0-4,Travnik,2797
2013,NUMBER,M,0-4,Travnik,1463
2013,NUMBER,F,0-4,Travnik,1334
2013,NUMBER,_T,0-4,Trebinje,1415
2013,NUMBER,M,0-4,Trebinje,753
2013,NUMBER,F,0-4,Trebinje,662
2013,NUMBER,_T,0-4,Trnovo - FBIH,40
2013,NUMBER,M,0-4,Trnovo - FBIH,12
2013,NUMBER,F,0-4,Trnovo - FBIH,28
2013,NUMBER,_T,0-4,Trnovo - RS,66
2013,NUMBER,M,0-4,Trnovo - RS,30
2013,NUMBER,F,0-4,Trnovo - RS,36
2013,NUMBER,_T,0-4,Tuzla,5105
2013,NUMBER,M,0-4,Tuzla,2666
2013,NUMBER,F,0-4,Tuzla,2439
2013,NUMBER,_T,0-4,Ugljevik,675
2013,NUMBER,M,0-4,Ugljevik,368
2013,NUMBER,F,0-4,Ugljevik,307
2013,NUMBER,_T,0-4,Usora,251
2013,NUMBER,M,0-4,Usora,121
2013,NUMBER,F,0-4,Usora,130
2013,NUMBER,_T,0-4,Vareš,256
2013,NUMBER,M,0-4,Vareš,128
2013,NUMBER,F,0-4,Vareš,128
2013,NUMBER,_T,0-4,Velika Kladuša,2756
2013,NUMBER,M,0-4,Velika Kladuša,1433
2013,NUMBER,F,0-4,Velika Kladuša,1323
2013,NUMBER,_T,0-4,Visoko,2309
2013,NUMBER,M,0-4,Visoko,1178
2013,NUMBER,F,0-4,Visoko,1131
2013,NUMBER,_T,0-4,Višegrad,344
2013,NUMBER,M,0-4,Višegrad,164
2013,NUMBER,F,0-4,Višegrad,180
2013,NUMBER,_T,0-4,Vitez,1447
2013,NUMBER,M,0-4,Vitez,757
2013,NUMBER,F,0-4,Vitez,690
2013,NUMBER,_T,0-4,Vlasenica,499
2013,NUMBER,M,0-4,Vlasenica,268
2013,NUMBER,F,0-4,Vlasenica,231
2013,NUMBER,_T,0-4,Sarajevo - Vogošća,1600
2013,NUMBER,M,0-4,Sarajevo - Vogošća,837
2013,NUMBER,F,0-4,Sarajevo - Vogošća,763
2013,NUMBER,_T,0-4,Vukosavlje,207
2013,NUMBER,M,0-4,Vukosavlje,107
2013,NUMBER,F,0-4,Vukosavlje,100
2013,NUMBER,_T,0-4,Zavidovići,2005
2013,NUMBER,M,0-4,Zavidovići,1013
2013,NUMBER,F,0-4,Zavidovići,992
2013,NUMBER,_T,0-4,Zenica,6072
2013,NUMBER,M,0-4,Zenica,3104
2013,NUMBER,F,0-4,Zenica,2968
2013,NUMBER,_T,0-4,Zvornik,3061
2013,NUMBER,M,0-4,Zvornik,1545
2013,NUMBER,F,0-4,Zvornik,1516
2013,NUMBER,_T,0-4,Žepče,1657
2013,NUMBER,M,0-4,Žepče,878
2013,NUMBER,F,0-4,Žepče,779
2013,NUMBER,_T,0-4,Živinice,3389
2013,NUMBER,M,0-4,Živinice,1778
2013,NUMBER,F,0-4,Živinice,1611
2013,NUMBER,_T,5-9,Banja Luka,8736
2013,NUMBER,M,5-9,Banja Luka,4460
2013,NUMBER,F,5-9,Banja Luka,4276
2013,NUMBER,_T,5-9,Banovići,1212
2013,NUMBER,M,5-9,Banovići,623
2013,NUMBER,F,5-9,Banovići,589
2013,NUMBER,_T,5-9,Berkovići,130
2013,NUMBER,M,5-9,Berkovići,73
2013,NUMBER,F,5-9,Berkovići,57
2013,NUMBER,_T,5-9,Bihać,2806
2013,NUMBER,M,5-9,Bihać,1416
2013,NUMBER,F,5-9,Bihać,1390
2013,NUMBER,_T,5-9,Bijeljina,5136
2013,NUMBER,M,5-9,Bijeljina,2659
2013,NUMBER,F,5-9,Bijeljina,2477
2013,NUMBER,_T,5-9,Bileća,483
2013,NUMBER,M,5-9,Bileća,263
2013,NUMBER,F,5-9,Bileća,220
2013,NUMBER,_T,5-9,Bosanska Krupa,1495
2013,NUMBER,M,5-9,Bosanska Krupa,748
2013,NUMBER,F,5-9,Bosanska Krupa,747
2013,NUMBER,_T,5-9,Bosanski Petrovac,324
2013,NUMBER,M,5-9,Bosanski Petrovac,158
2013,NUMBER,F,5-9,Bosanski Petrovac,166
2013,NUMBER,_T,5-9,Bosansko Grahovo,49
2013,NUMBER,M,5-9,Bosansko Grahovo,29
2013,NUMBER,F,5-9,Bosansko Grahovo,20
2013,NUMBER,_T,5-9,Bratunac,1096
2013,NUMBER,M,5-9,Bratunac,559
2013,NUMBER,F,5-9,Bratunac,537
2013,NUMBER,_T,5-9,Brčko,4312
2013,NUMBER,M,5-9,Brčko,2235
2013,NUMBER,F,5-9,Brčko,2077
2013,NUMBER,_T,5-9,Breza,661
2013,NUMBER,M,5-9,Breza,343
2013,NUMBER,F,5-9,Breza,318
2013,NUMBER,_T,5-9,Brod,731
2013,NUMBER,M,5-9,Brod,392
2013,NUMBER,F,5-9,Brod,339
2013,NUMBER,_T,5-9,Bugojno,1681
2013,NUMBER,M,5-9,Bugojno,893
2013,NUMBER,F,5-9,Bugojno,788
2013,NUMBER,_T,5-9,Busovača,1079
2013,NUMBER,M,5-9,Busovača,573
2013,NUMBER,F,5-9,Busovača,506
2013,NUMBER,_T,5-9,Bužim,1345
2013,NUMBER,M,5-9,Bužim,675
2013,NUMBER,F,5-9,Bužim,670
2013,NUMBER,_T,5-9,Cazin,4192
2013,NUMBER,M,5-9,Cazin,2147
2013,NUMBER,F,5-9,Cazin,2045
2013,NUMBER,_T,5-9,Sarajevo - Centar,2432
2013,NUMBER,M,5-9,Sarajevo - Centar,1271
2013,NUMBER,F,5-9,Sarajevo - Centar,1161
2013,NUMBER,_T,5-9,Čajniče,212
2013,NUMBER,M,5-9,Čajniče,99
2013,NUMBER,F,5-9,Čajniče,113
2013,NUMBER,_T,5-9,Čapljina,1359
2013,NUMBER,M,5-9,Čapljina,703
2013,NUMBER,F,5-9,Čapljina,656
2013,NUMBER,_T,5-9,Čelić,573
2013,NUMBER,M,5-9,Čelić,287
2013,NUMBER,F,5-9,Čelić,286
2013,NUMBER,_T,5-9,Čelinac,741
2013,NUMBER,M,5-9,Čelinac,382
2013,NUMBER,F,5-9,Čelinac,359
2013,NUMBER,_T,5-9,Čitluk,1090
2013,NUMBER,M,5-9,Čitluk,550
2013,NUMBER,F,5-9,Čitluk,540
2013,NUMBER,_T,5-9,Derventa,1223
2013,NUMBER,M,5-9,Derventa,637
2013,NUMBER,F,5-9,Derventa,586
2013,NUMBER,_T,5-9,Doboj,3311
2013,NUMBER,M,5-9,Doboj,1647
2013,NUMBER,F,5-9,Doboj,1664
2013,NUMBER,_T,5-9,Doboj-Istok,570
2013,NUMBER,M,5-9,Doboj-Istok,291
2013,NUMBER,F,5-9,Doboj-Istok,279
2013,NUMBER,_T,5-9,Doboj-Jug,288
2013,NUMBER,M,5-9,Doboj-Jug,155
2013,NUMBER,F,5-9,Doboj-Jug,133
2013,NUMBER,_T,5-9,Dobretići,54
2013,NUMBER,M,5-9,Dobretići,30
2013,NUMBER,F,5-9,Dobretići,24
2013,NUMBER,_T,5-9,Domaljevac-Šamac,237
2013,NUMBER,M,5-9,Domaljevac-Šamac,109
2013,NUMBER,F,5-9,Domaljevac-Šamac,128
2013,NUMBER,_T,5-9,Donji Vakuf,861
2013,NUMBER,M,5-9,Donji Vakuf,426
2013,NUMBER,F,5-9,Donji Vakuf,435
2013,NUMBER,_T,5-9,Donji Žabar,185
2013,NUMBER,M,5-9,Donji Žabar,103
2013,NUMBER,F,5-9,Donji Žabar,82
2013,NUMBER,_T,5-9,Drvar,250
2013,NUMBER,M,5-9,Drvar,130
2013,NUMBER,F,5-9,Drvar,120
